{
  "doc_id": "5",
  "paragraphs": [
    {
      "paragraph_id": "0",
      "paragraph": "针对中国肥胖与糖尿病外科手术规范的立场声明",
      "sentences": [
        {
          "sentence_id": "0",
          "sentence": "针对中国肥胖与糖尿病外科手术规范的立场声明",
          "start_idx": 0,
          "end_idx": 21,
          "entities": [
            {
              "entity_id": "T0",
              "entity": "肥胖",
              "entity_type": "Disease",
              "start_idx": 4,
              "end_idx": 6
            },
            {
              "entity_id": "T1",
              "entity": "糖尿病",
              "entity_type": "Disease",
              "start_idx": 7,
              "end_idx": 10
            }
          ],
          "relations": []
        }
      ]
    },
    {
      "paragraph_id": "1",
      "paragraph": "我国肥胖与糖尿病外科(减重代谢外科)事业起源于2000年郑成竹教授开展的第一例腹腔镜垂直胃绑带术，经过近20年的发展，国内开展手术的医院已经超过200家，手术例数近年也呈现快速增长，这是令人可喜也值得欣慰的事。为了指导及规范该学科的健康发展，经过一定的临床实践，中华医学会外科学分会内分泌外科学组联合腹腔镜与内镜外科学组、胃肠外科学组及外科手术学学组分别于2007年和2010年先后制订和颁布了《中国肥胖病外科治疗指南(2007)》及《中国糖尿病外科治疗专家指导意见(2010)》。2012年中国医师协会外科医师分会肥胖和糖尿病外科医师委员会(Chinese Society for Metabolic and Bariatric Surgery，CSMBS)组建成立，2014年11月CSMBS发表了《中国肥胖和2型糖尿病外科治疗指南(2014)》，2014年12月人民卫生出版社出版了《肥胖与代谢病外科学》，旨在规范该学科的发展及应用。但是在学科蓬勃发展的同时，少部分医生缺乏学科专业培训，特别是在少部分基层医院，存在一些不规范的问题，如：不注意手术适用证范围，超手术指征盲目追求手术量的增加；夸大手术治疗效果，不应用创伤小并发症少的腹腔镜手术而仍然采用传统的开腹手术方法；手术方式不规范如将胃旁路的胃囊体积加大，将一些探索性的实验性手术作为治疗性手术；围手术期管理及术后随访不规范不重视，甚至缺失等情况，导致术后效果不佳或者出现一些营养问题。本声明旨在从开展手术医院及术者资质、手术指征、手术方式及术后随访管理等方面对减重代谢手术的应用做出规范。",
      "sentences": [
        {
          "sentence_id": "0",
          "sentence": "我国肥胖与糖尿病外科(减重代谢外科)事业起源于2000年郑成竹教授开展的第一例腹腔镜垂直胃绑带术，经过近20年的发展，国内开展手术的医院已经超过200家，手术例数近年也呈现快速增长，这是令人可喜也值得欣慰的事。为了指导及规范该学科的健康发展，经过一定的临床实践，中华医学会外科学分会内分泌外科学组联合腹腔镜与内镜外科学组、胃肠外科学组及外科手术学学组分别于2007年和2010年先后制订和颁布了《中国肥胖病外科治疗指南(2007)》及《中国糖尿病外科治疗专家指导意见(2010)》。2012年中国医师协会外科医师分会肥胖和糖尿病外科医师委员会(Chinese Society for Metabolic and Bariatric Surgery，CSMBS)组建成立，2014年11月CSMBS发表了《中国肥胖和2型糖尿病外科治疗指南(2014)》，2014年12月人民卫生出版社出版了《肥胖与代谢病外科学》，旨在规范该学科的发展及应用。",
          "start_idx": 0,
          "end_idx": 420,
          "entities": [
            {
              "entity_id": "T2",
              "entity": "肥胖",
              "entity_type": "Disease",
              "start_idx": 2,
              "end_idx": 4
            },
            {
              "entity_id": "T3",
              "entity": "糖尿病",
              "entity_type": "Disease",
              "start_idx": 5,
              "end_idx": 8
            },
            {
              "entity_id": "T4",
              "entity": "腹腔镜垂直胃绑带术",
              "entity_type": "Operation",
              "start_idx": 39,
              "end_idx": 48
            },
            {
              "entity_id": "T5",
              "entity": "糖尿病",
              "entity_type": "Disease",
              "start_idx": 220,
              "end_idx": 223
            },
            {
              "entity_id": "T6",
              "entity": "肥胖病",
              "entity_type": "Disease",
              "start_idx": 200,
              "end_idx": 203
            },
            {
              "entity_id": "T7",
              "entity": "肥胖",
              "entity_type": "Disease",
              "start_idx": 258,
              "end_idx": 260
            },
            {
              "entity_id": "T8",
              "entity": "糖尿病",
              "entity_type": "Disease",
              "start_idx": 261,
              "end_idx": 264
            },
            {
              "entity_id": "T9",
              "entity": "肥胖",
              "entity_type": "Disease",
              "start_idx": 354,
              "end_idx": 356
            },
            {
              "entity_id": "T10",
              "entity": "2型糖尿病",
              "entity_type": "Disease",
              "start_idx": 357,
              "end_idx": 362
            },
            {
              "entity_id": "T11",
              "entity": "2型",
              "entity_type": "Class",
              "start_idx": 357,
              "end_idx": 359
            },
            {
              "entity_id": "T12",
              "entity": "肥胖",
              "entity_type": "Disease",
              "start_idx": 395,
              "end_idx": 397
            },
            {
              "entity_id": "T13",
              "entity": "代谢病",
              "entity_type": "Disease",
              "start_idx": 398,
              "end_idx": 401
            }
          ],
          "relations": [
            {
              "relation_type": "Class_Disease",
              "relation_id": "R0",
              "head_entity_id": "T11",
              "tail_entity_id": "T10"
            }
          ]
        },
        {
          "sentence_id": "1",
          "sentence": "但是在学科蓬勃发展的同时，少部分医生缺乏学科专业培训，特别是在少部分基层医院，存在一些不规范的问题，如：不注意手术适用证范围，超手术指征盲目追求手术量的增加；夸大手术治疗效果，不应用创伤小并发症少的腹腔镜手术而仍然采用传统的开腹手术方法；手术方式不规范如将胃旁路的胃囊体积加大，将一些探索性的实验性手术作为治疗性手术；围手术期管理及术后随访不规范不重视，甚至缺失等情况，导致术后效果不佳或者出现一些营养问题。",
          "start_idx": 420,
          "end_idx": 624,
          "entities": [
            {
              "entity_id": "T14",
              "entity": "腹腔镜手术",
              "entity_type": "Operation",
              "start_idx": 99,
              "end_idx": 104
            },
            {
              "entity_id": "T15",
              "entity": "开腹手术",
              "entity_type": "Operation",
              "start_idx": 112,
              "end_idx": 116
            }
          ],
          "relations": []
        },
        {
          "sentence_id": "2",
          "sentence": "本声明旨在从开展手术医院及术者资质、手术指征、手术方式及术后随访管理等方面对减重代谢手术的应用做出规范。",
          "start_idx": 624,
          "end_idx": 676,
          "entities": [
            {
              "entity_id": "T16",
              "entity": "减重代谢手术",
              "entity_type": "Operation",
              "start_idx": 38,
              "end_idx": 44
            }
          ],
          "relations": []
        }
      ]
    },
    {
      "paragraph_id": "2",
      "paragraph": "一、医院及术者资质",
      "sentences": [
        {
          "sentence_id": "0",
          "sentence": "一、医院及术者资质",
          "start_idx": 0,
          "end_idx": 9,
          "entities": [],
          "relations": []
        }
      ]
    },
    {
      "paragraph_id": "3",
      "paragraph": "肥胖与糖尿病外科手术的开展必须得到多学科协作的支持，可参考《上海市2型糖尿病外科手术管理规范》，即“手术应在三级综合性医疗单位开展，二级医院原则上不能开展，具备条件的二级医院可向省级医师协会申请并接受审核。术者应具备中级及中级以上技术职称，并具有普外科执业资质，须了解各种术式的治疗原理和操作准则，并须登记成为全国或者省级医师协会会员，经系统指导、培训获得资质后方可施行手术。”我们认为该要求对肥胖与糖尿病外科的安全和质量提供了保障，且切实可行，故建议当地医师协会根据此要求审核开展肥胖与糖尿病外科手术的医院及术者资质。",
      "sentences": [
        {
          "sentence_id": "0",
          "sentence": "肥胖与糖尿病外科手术的开展必须得到多学科协作的支持，可参考《上海市2型糖尿病外科手术管理规范》，即“手术应在三级综合性医疗单位开展，二级医院原则上不能开展，具备条件的二级医院可向省级医师协会申请并接受审核。",
          "start_idx": 0,
          "end_idx": 103,
          "entities": [
            {
              "entity_id": "T17",
              "entity": "肥胖",
              "entity_type": "Disease",
              "start_idx": 0,
              "end_idx": 2
            },
            {
              "entity_id": "T18",
              "entity": "糖尿病",
              "entity_type": "Disease",
              "start_idx": 3,
              "end_idx": 6
            },
            {
              "entity_id": "T19",
              "entity": "2型糖尿病",
              "entity_type": "Disease",
              "start_idx": 33,
              "end_idx": 38
            },
            {
              "entity_id": "T20",
              "entity": "2型",
              "entity_type": "Class",
              "start_idx": 33,
              "end_idx": 35
            }
          ],
          "relations": [
            {
              "relation_type": "Class_Disease",
              "relation_id": "R1",
              "head_entity_id": "T20",
              "tail_entity_id": "T19"
            }
          ]
        },
        {
          "sentence_id": "1",
          "sentence": "术者应具备中级及中级以上技术职称，并具有普外科执业资质，须了解各种术式的治疗原理和操作准则，并须登记成为全国或者省级医师协会会员，经系统指导、培训获得资质后方可施行手术。",
          "start_idx": 103,
          "end_idx": 188,
          "entities": [],
          "relations": []
        },
        {
          "sentence_id": "2",
          "sentence": "”我们认为该要求对肥胖与糖尿病外科的安全和质量提供了保障，且切实可行，故建议当地医师协会根据此要求审核开展肥胖与糖尿病外科手术的医院及术者资质。",
          "start_idx": 188,
          "end_idx": 260,
          "entities": [
            {
              "entity_id": "T21",
              "entity": "肥胖",
              "entity_type": "Disease",
              "start_idx": 9,
              "end_idx": 11
            },
            {
              "entity_id": "T22",
              "entity": "糖尿病",
              "entity_type": "Disease",
              "start_idx": 12,
              "end_idx": 15
            },
            {
              "entity_id": "T23",
              "entity": "肥胖",
              "entity_type": "Disease",
              "start_idx": 53,
              "end_idx": 55
            },
            {
              "entity_id": "T24",
              "entity": "糖尿病",
              "entity_type": "Disease",
              "start_idx": 56,
              "end_idx": 59
            }
          ],
          "relations": []
        }
      ]
    },
    {
      "paragraph_id": "4",
      "paragraph": "二、手术指征",
      "sentences": [
        {
          "sentence_id": "0",
          "sentence": "二、手术指征",
          "start_idx": 0,
          "end_idx": 6,
          "entities": [],
          "relations": []
        }
      ]
    },
    {
      "paragraph_id": "5",
      "paragraph": "肥胖与糖尿病外科手术开展的适应证及禁忌证均应参照《中国肥胖和2型糖尿病外科治疗指南(2014)》。针对肥胖伴有2型糖尿病的治疗，该版指南强调了胰岛功能储备，即T2DM病程小于15年，且空腹血清C肽水平高于正常值下限的二分之一。对于体质量指数(body mass index，BMI)介于25.0~27.5kg/m2的患者，即使合并T2DM及其他肥胖相关疾病，也应慎重开展手术。建议此类病人应先选择内科治疗，若内科治疗效果不佳或不能耐受，且病人强烈要求手术治疗，可在充分告知后，依据临床试验的路径行手术治疗。",
      "sentences": [
        {
          "sentence_id": "0",
          "sentence": "肥胖与糖尿病外科手术开展的适应证及禁忌证均应参照《中国肥胖和2型糖尿病外科治疗指南(2014)》。针对肥胖伴有2型糖尿病的治疗，该版指南强调了胰岛功能储备，即T2DM病程小于15年，且空腹血清C肽水平高于正常值下限的二分之一。对于体质量指数(body mass index，BMI)介于25.0~27.5kg/m2的患者，即使合并T2DM及其他肥胖相关疾病，也应慎重开展手术。",
          "start_idx": 0,
          "end_idx": 188,
          "entities": [
            {
              "entity_id": "T25",
              "entity": "肥胖",
              "entity_type": "Disease",
              "start_idx": 0,
              "end_idx": 2
            },
            {
              "entity_id": "T26",
              "entity": "糖尿病",
              "entity_type": "Disease",
              "start_idx": 3,
              "end_idx": 6
            },
            {
              "entity_id": "T27",
              "entity": "肥胖",
              "entity_type": "Disease",
              "start_idx": 27,
              "end_idx": 29
            },
            {
              "entity_id": "T28",
              "entity": "2型糖尿病",
              "entity_type": "Disease",
              "start_idx": 30,
              "end_idx": 35
            },
            {
              "entity_id": "T29",
              "entity": "2型",
              "entity_type": "Class",
              "start_idx": 30,
              "end_idx": 32
            },
            {
              "entity_id": "T30",
              "entity": "肥胖",
              "entity_type": "Disease",
              "start_idx": 51,
              "end_idx": 53
            },
            {
              "entity_id": "T31",
              "entity": "2型糖尿病",
              "entity_type": "Disease",
              "start_idx": 55,
              "end_idx": 60
            },
            {
              "entity_id": "T32",
              "entity": "2型",
              "entity_type": "Class",
              "start_idx": 55,
              "end_idx": 57
            },
            {
              "entity_id": "T33",
              "entity": "T2DM",
              "entity_type": "Disease",
              "start_idx": 79,
              "end_idx": 83
            },
            {
              "entity_id": "T34",
              "entity": "T2",
              "entity_type": "Class",
              "start_idx": 79,
              "end_idx": 81
            },
            {
              "entity_id": "T35",
              "entity": "空腹血清C肽水平",
              "entity_type": "Test_items",
              "start_idx": 92,
              "end_idx": 100
            },
            {
              "entity_id": "T36",
              "entity": "高于正常值下限的二分之一",
              "entity_type": "Test_Value",
              "start_idx": 100,
              "end_idx": 112
            },
            {
              "entity_id": "T37",
              "entity": "T2DM",
              "entity_type": "Disease",
              "start_idx": 165,
              "end_idx": 169
            },
            {
              "entity_id": "T38",
              "entity": "T2",
              "entity_type": "Class",
              "start_idx": 165,
              "end_idx": 167
            },
            {
              "entity_id": "T39",
              "entity": "肥胖",
              "entity_type": "Disease",
              "start_idx": 172,
              "end_idx": 174
            }
          ],
          "relations": [
            {
              "relation_type": "Class_Disease",
              "relation_id": "R2",
              "head_entity_id": "T29",
              "tail_entity_id": "T28"
            },
            {
              "relation_type": "Class_Disease",
              "relation_id": "R3",
              "head_entity_id": "T32",
              "tail_entity_id": "T31"
            },
            {
              "relation_type": "Class_Disease",
              "relation_id": "R4",
              "head_entity_id": "T34",
              "tail_entity_id": "T33"
            },
            {
              "relation_type": "Test_items_Disease",
              "relation_id": "R5",
              "head_entity_id": "T35",
              "tail_entity_id": "T33"
            },
            {
              "relation_type": "Class_Disease",
              "relation_id": "R6",
              "head_entity_id": "T38",
              "tail_entity_id": "T37"
            }
          ]
        },
        {
          "sentence_id": "1",
          "sentence": "建议此类病人应先选择内科治疗，若内科治疗效果不佳或不能耐受，且病人强烈要求手术治疗，可在充分告知后，依据临床试验的路径行手术治疗。",
          "start_idx": 188,
          "end_idx": 253,
          "entities": [],
          "relations": []
        }
      ]
    },
    {
      "paragraph_id": "6",
      "paragraph": "《中国肥胖和2型糖尿病外科治疗指南(2014)》中将建议手术年龄定为16~65岁。然而根据循证医学证据，手术对于肥胖及相关代谢综合征的治疗效果，年龄并不是一个显著的影响因素，且对于青少年而言，生理、心理发育程度与生物学年龄不一定相符。故我们认为对于年龄的建议可根据临床评估结果适当放宽，特别是对于青少年，在经过对肥胖程度及代谢性疾病严重程度的评估、患者及家庭成员心理评估、术后管理依从性评估之后可慎重考虑手术。",
      "sentences": [
        {
          "sentence_id": "0",
          "sentence": "《中国肥胖和2型糖尿病外科治疗指南(2014)》中将建议手术年龄定为16~65岁。",
          "start_idx": 0,
          "end_idx": 41,
          "entities": [
            {
              "entity_id": "T40",
              "entity": "肥胖",
              "entity_type": "Disease",
              "start_idx": 3,
              "end_idx": 5
            },
            {
              "entity_id": "T41",
              "entity": "2型糖尿病",
              "entity_type": "Disease",
              "start_idx": 6,
              "end_idx": 11
            },
            {
              "entity_id": "T42",
              "entity": "2型",
              "entity_type": "Class",
              "start_idx": 6,
              "end_idx": 8
            }
          ],
          "relations": [
            {
              "relation_type": "Class_Disease",
              "relation_id": "R7",
              "head_entity_id": "T42",
              "tail_entity_id": "T41"
            }
          ]
        },
        {
          "sentence_id": "1",
          "sentence": "然而根据循证医学证据，手术对于肥胖及相关代谢综合征的治疗效果，年龄并不是一个显著的影响因素，且对于青少年而言，生理、心理发育程度与生物学年龄不一定相符。",
          "start_idx": 41,
          "end_idx": 117,
          "entities": [
            {
              "entity_id": "T43",
              "entity": "肥胖",
              "entity_type": "Disease",
              "start_idx": 15,
              "end_idx": 17
            },
            {
              "entity_id": "T44",
              "entity": "代谢综合征",
              "entity_type": "Disease",
              "start_idx": 20,
              "end_idx": 25
            }
          ],
          "relations": []
        },
        {
          "sentence_id": "2",
          "sentence": "故我们认为对于年龄的建议可根据临床评估结果适当放宽，特别是对于青少年，在经过对肥胖程度及代谢性疾病严重程度的评估、患者及家庭成员心理评估、术后管理依从性评估之后可慎重考虑手术。",
          "start_idx": 117,
          "end_idx": 205,
          "entities": [
            {
              "entity_id": "T45",
              "entity": "肥胖",
              "entity_type": "Disease",
              "start_idx": 39,
              "end_idx": 41
            },
            {
              "entity_id": "T46",
              "entity": "代谢性疾病",
              "entity_type": "Disease",
              "start_idx": 44,
              "end_idx": 49
            }
          ],
          "relations": []
        }
      ]
    },
    {
      "paragraph_id": "7",
      "paragraph": "三、手术方式",
      "sentences": [
        {
          "sentence_id": "0",
          "sentence": "三、手术方式",
          "start_idx": 0,
          "end_idx": 6,
          "entities": [],
          "relations": []
        }
      ]
    },
    {
      "paragraph_id": "8",
      "paragraph": "目前推荐的手术方式包括：(1)腹腔镜Roux-en-Y胃旁路术(laparoscopic Roux-en-Y gastric bypass，LRYGB)；(2)腹腔镜胃袖状切除术(laparoscopic sleeve gastrectomy，LSG)；(3)胆胰分流并十二指肠转位术(biliopancreatic diversion with duodenal switch，BPD-DS)，其中BPD-DS虽然效果最好，但其并发症发生率有所增加，术后常见维生素和微量元素的缺乏，术后随访和维生素微量元素补充要求严格且长期，故需慎重选择。",
      "sentences": [
        {
          "sentence_id": "0",
          "sentence": "目前推荐的手术方式包括：(1)腹腔镜Roux-en-Y胃旁路术(laparoscopic Roux-en-Y gastric bypass，LRYGB)；(2)腹腔镜胃袖状切除术(laparoscopic sleeve gastrectomy，LSG)；(3)胆胰分流并十二指肠转位术(biliopancreatic diversion with duodenal switch，BPD-DS)，其中BPD-DS虽然效果最好，但其并发症发生率有所增加，术后常见维生素和微量元素的缺乏，术后随访和维生素微量元素补充要求严格且长期，故需慎重选择。",
          "start_idx": 0,
          "end_idx": 271,
          "entities": [
            {
              "entity_id": "T47",
              "entity": "腹腔镜Roux-en-Y胃旁路术(laparoscopic Roux-en-Y gastric bypass，LRYGB)",
              "entity_type": "Operation",
              "start_idx": 15,
              "end_idx": 76
            },
            {
              "entity_id": "T48",
              "entity": "腹腔镜胃袖状切除术(laparoscopic sleeve gastrectomy，LSG)",
              "entity_type": "Operation",
              "start_idx": 80,
              "end_idx": 126
            },
            {
              "entity_id": "T49",
              "entity": "胆胰分流并十二指肠转位术(biliopancreatic diversion with duodenal switch，BPD-DS)",
              "entity_type": "Operation",
              "start_idx": 130,
              "end_idx": 197
            },
            {
              "entity_id": "T50",
              "entity": "BPD-DS",
              "entity_type": "Operation",
              "start_idx": 200,
              "end_idx": 206
            },
            {
              "entity_id": "T51",
              "entity": "维生素和微量元素的缺乏",
              "entity_type": "ADE",
              "start_idx": 230,
              "end_idx": 241
            }
          ],
          "relations": []
        }
      ]
    },
    {
      "paragraph_id": "9",
      "paragraph": "另外，目前国内外报道多种新术式，包括在胃旁路术基础上发展的mini-bypass、袖状胃切除术基础上发展的“SG+X术”、以及胃折叠术、空回肠侧侧吻合术等，这些指南推荐之外的术式均尚缺乏中长期疗效数据，不建议临床推广，仅限于临床研究。",
      "sentences": [
        {
          "sentence_id": "0",
          "sentence": "另外，目前国内外报道多种新术式，包括在胃旁路术基础上发展的mini-bypass、袖状胃切除术基础上发展的“SG+X术”、以及胃折叠术、空回肠侧侧吻合术等，这些指南推荐之外的术式均尚缺乏中长期疗效数据，不建议临床推广，仅限于临床研究。",
          "start_idx": 0,
          "end_idx": 117,
          "entities": [
            {
              "entity_id": "T52",
              "entity": "胃旁路术",
              "entity_type": "Operation",
              "start_idx": 19,
              "end_idx": 23
            },
            {
              "entity_id": "T53",
              "entity": "mini-bypass",
              "entity_type": "Operation",
              "start_idx": 29,
              "end_idx": 40
            },
            {
              "entity_id": "T54",
              "entity": "袖状胃切除术",
              "entity_type": "Operation",
              "start_idx": 41,
              "end_idx": 47
            },
            {
              "entity_id": "T55",
              "entity": "SG+X术",
              "entity_type": "Operation",
              "start_idx": 54,
              "end_idx": 59
            },
            {
              "entity_id": "T56",
              "entity": "胃折叠术",
              "entity_type": "Operation",
              "start_idx": 63,
              "end_idx": 67
            },
            {
              "entity_id": "T57",
              "entity": "空回肠侧侧吻合术",
              "entity_type": "Operation",
              "start_idx": 68,
              "end_idx": 76
            }
          ],
          "relations": []
        }
      ]
    },
    {
      "paragraph_id": "10",
      "paragraph": "四、术后随访",
      "sentences": [
        {
          "sentence_id": "0",
          "sentence": "四、术后随访",
          "start_idx": 0,
          "end_idx": 6,
          "entities": [],
          "relations": []
        }
      ]
    },
    {
      "paragraph_id": "11",
      "paragraph": "接受肥胖与糖尿病外科手术患者均需终身随访，临床实践中不少医疗机构对接受减重代谢手术的病人缺少规律的随访，致使手术的安全性和有效性缺乏保障。指南确定术后1年内应至少进行4次随访，建议门诊随访，另需更多次的电话或其他方式随访，术后1个月起应对糖尿病改善进行较为完善的评估，包括血糖、糖化血红蛋白、胰岛素、C肽等，术后6个月起应对血生化、营养状况及心理、精神评估进行完善，内容应包括骨密度、维生素及微量元素水平，同时监测是否有手术并发症，进行必要的干预。",
      "sentences": [
        {
          "sentence_id": "0",
          "sentence": "接受肥胖与糖尿病外科手术患者均需终身随访，临床实践中不少医疗机构对接受减重代谢手术的病人缺少规律的随访，致使手术的安全性和有效性缺乏保障。指南确定术后1年内应至少进行4次随访，建议门诊随访，另需更多次的电话或其他方式随访，术后1个月起应对糖尿病改善进行较为完善的评估，包括血糖、糖化血红蛋白、胰岛素、C肽等，术后6个月起应对血生化、营养状况及心理、精神评估进行完善，内容应包括骨密度、维生素及微量元素水平，同时监测是否有手术并发症，进行必要的干预。",
          "start_idx": 0,
          "end_idx": 224,
          "entities": [
            {
              "entity_id": "T58",
              "entity": "肥胖",
              "entity_type": "Disease",
              "start_idx": 2,
              "end_idx": 4
            },
            {
              "entity_id": "T59",
              "entity": "糖尿病",
              "entity_type": "Disease",
              "start_idx": 5,
              "end_idx": 8
            },
            {
              "entity_id": "T60",
              "entity": "减重代谢手术",
              "entity_type": "Operation",
              "start_idx": 35,
              "end_idx": 41
            },
            {
              "entity_id": "T61",
              "entity": "血糖",
              "entity_type": "Test_items",
              "start_idx": 136,
              "end_idx": 138
            },
            {
              "entity_id": "T62",
              "entity": "糖化血红蛋白",
              "entity_type": "Test_items",
              "start_idx": 139,
              "end_idx": 145
            },
            {
              "entity_id": "T63",
              "entity": "胰岛素",
              "entity_type": "Test_items",
              "start_idx": 146,
              "end_idx": 149
            },
            {
              "entity_id": "T64",
              "entity": "C肽",
              "entity_type": "Test_items",
              "start_idx": 150,
              "end_idx": 152
            },
            {
              "entity_id": "T65",
              "entity": "血生化",
              "entity_type": "Test",
              "start_idx": 162,
              "end_idx": 165
            },
            {
              "entity_id": "T66",
              "entity": "骨密度",
              "entity_type": "Test",
              "start_idx": 188,
              "end_idx": 191
            },
            {
              "entity_id": "T67",
              "entity": "维生素",
              "entity_type": "Test",
              "start_idx": 192,
              "end_idx": 195
            },
            {
              "entity_id": "T68",
              "entity": "微量元素水平",
              "entity_type": "Test",
              "start_idx": 196,
              "end_idx": 202
            },
            {
              "entity_id": "T69",
              "entity": "糖尿病",
              "entity_type": "Disease",
              "start_idx": 119,
              "end_idx": 122
            }
          ],
          "relations": [
            {
              "relation_type": "Operation_Disease",
              "relation_id": "R8",
              "head_entity_id": "T60",
              "tail_entity_id": "T58"
            },
            {
              "relation_type": "Operation_Disease",
              "relation_id": "R9",
              "head_entity_id": "T60",
              "tail_entity_id": "T59"
            },
            {
              "relation_type": "Test_items_Disease",
              "relation_id": "R10",
              "head_entity_id": "T61",
              "tail_entity_id": "T69"
            },
            {
              "relation_type": "Test_items_Disease",
              "relation_id": "R11",
              "head_entity_id": "T62",
              "tail_entity_id": "T69"
            },
            {
              "relation_type": "Test_items_Disease",
              "relation_id": "R12",
              "head_entity_id": "T63",
              "tail_entity_id": "T69"
            },
            {
              "relation_type": "Test_items_Disease",
              "relation_id": "R13",
              "head_entity_id": "T64",
              "tail_entity_id": "T69"
            }
          ]
        }
      ]
    },
    {
      "paragraph_id": "12",
      "paragraph": "五、总结",
      "sentences": [
        {
          "sentence_id": "0",
          "sentence": "五、总结",
          "start_idx": 0,
          "end_idx": 4,
          "entities": [],
          "relations": []
        }
      ]
    },
    {
      "paragraph_id": "13",
      "paragraph": "综上所述，肥胖与糖尿病外科手术的开展必须遵循指南，以确保医疗质量和安全，各地医师协会对肥胖与糖尿病外科的发展应起到监管作用，规范肥胖与糖尿病外科手术的管理。",
      "sentences": [
        {
          "sentence_id": "0",
          "sentence": "综上所述，肥胖与糖尿病外科手术的开展必须遵循指南，以确保医疗质量和安全，各地医师协会对肥胖与糖尿病外科的发展应起到监管作用，规范肥胖与糖尿病外科手术的管理。",
          "start_idx": 0,
          "end_idx": 78,
          "entities": [
            {
              "entity_id": "T70",
              "entity": "肥胖",
              "entity_type": "Disease",
              "start_idx": 5,
              "end_idx": 7
            },
            {
              "entity_id": "T71",
              "entity": "糖尿病",
              "entity_type": "Disease",
              "start_idx": 8,
              "end_idx": 11
            },
            {
              "entity_id": "T72",
              "entity": "肥胖",
              "entity_type": "Disease",
              "start_idx": 43,
              "end_idx": 45
            },
            {
              "entity_id": "T73",
              "entity": "糖尿病",
              "entity_type": "Disease",
              "start_idx": 46,
              "end_idx": 49
            },
            {
              "entity_id": "T74",
              "entity": "肥胖",
              "entity_type": "Disease",
              "start_idx": 64,
              "end_idx": 66
            },
            {
              "entity_id": "T75",
              "entity": "糖尿病",
              "entity_type": "Disease",
              "start_idx": 67,
              "end_idx": 70
            }
          ],
          "relations": []
        }
      ]
    }
  ]
}